ProductID,ProductName,Category,SubCategory,Cost,Price
1,Low,Office Supplies,Set,571,815
2,Accept,Furniture,Society,258,462
3,Oil,Technology,Water,530,845
4,Sea,Technology,Attorney,257,401
5,Note,Office Supplies,Not,959,1370
6,Us,Office Supplies,Sort,833,932
7,Task,Furniture,Improve,433,732
8,Staff,Office Supplies,Himself,175,561
9,Field,Technology,Report,625,704
10,Blood,Technology,Sell,926,1224
11,Impact,Technology,Walk,191,262
12,Second,Technology,Issue,389,646
13,Stay,Technology,Left,561,984
14,Example,Furniture,Director,489,835
15,Couple,Technology,Wrong,149,248
16,Would,Furniture,Eight,161,223
17,These,Technology,Reason,340,765
18,Serious,Office Supplies,Plan,839,1049
19,Paper,Technology,Entire,127,241
20,Force,Technology,Thousand,268,717
21,Street,Office Supplies,Major,333,427
22,Republican,Technology,Late,898,1126
23,Data,Technology,General,775,1006
24,Provide,Technology,Drop,417,530
25,Easy,Technology,Money,129,533
26,Price,Office Supplies,Prove,254,514
27,Night,Furniture,Even,583,940
28,Option,Office Supplies,Actually,678,1137
29,Same,Office Supplies,Anything,632,1027
30,Two,Technology,Cost,383,681
31,Born,Office Supplies,Trouble,979,1270
32,Responsibility,Furniture,Head,373,703
33,Painting,Furniture,Traditional,254,313
34,Plant,Technology,Professor,673,919
35,Debate,Technology,Break,323,406
36,Matter,Technology,Store,909,1139
37,Expert,Office Supplies,Cold,619,671
38,Say,Furniture,Factor,691,780
39,Put,Technology,Matter,268,591
40,Concern,Technology,Growth,334,728
41,If,Technology,Drop,538,749
42,Season,Technology,Idea,180,574
43,Rather,Furniture,Worry,983,1146
44,First,Office Supplies,Quite,610,988
45,Need,Office Supplies,Would,433,690
46,Industry,Furniture,Town,265,712
47,Occur,Office Supplies,Benefit,342,494
48,Morning,Technology,Fact,671,1100
49,Should,Furniture,Tonight,559,926
50,Almost,Office Supplies,Local,212,665
51,Pass,Furniture,Present,442,535
52,End,Technology,American,520,575
53,Federal,Office Supplies,Enough,590,1006
54,Develop,Technology,Simple,789,1087
55,Some,Furniture,Off,462,644
56,South,Furniture,Entire,835,1032
57,Cold,Technology,Brother,787,908
58,Those,Technology,Before,682,839
59,Prove,Office Supplies,While,677,957
60,Several,Technology,Accept,887,1206
61,Perhaps,Office Supplies,Majority,875,959
62,While,Furniture,Trade,373,434
63,Rate,Furniture,Executive,359,605
64,Toward,Furniture,Some,122,432
65,Short,Technology,As,228,348
66,Number,Furniture,Way,430,690
67,Guy,Furniture,Cup,126,510
68,Nice,Furniture,Director,285,735
69,Society,Furniture,Be,313,413
70,School,Technology,My,463,768
71,Collection,Technology,Black,474,557
72,Stand,Technology,Somebody,577,760
73,Chair,Furniture,Candidate,241,611
74,Interest,Technology,Between,257,480
75,Bad,Technology,Difficult,782,957
76,Itself,Office Supplies,Under,157,571
77,What,Furniture,Also,774,1130
78,Space,Technology,Month,953,1301
79,Goal,Furniture,Tonight,491,771
80,Live,Technology,Record,127,545
81,Close,Office Supplies,Fact,487,811
82,Consumer,Technology,Begin,109,353
83,Face,Office Supplies,Prove,917,1389
84,Often,Office Supplies,Raise,386,855
85,Church,Office Supplies,Worry,412,777
86,Trial,Furniture,Yes,792,1161
87,Nature,Office Supplies,Total,430,593
88,Value,Technology,Race,889,1341
89,Ball,Technology,Material,986,1320
90,Low,Office Supplies,Turn,450,688
91,Smile,Technology,Skill,823,1179
92,Machine,Office Supplies,Environmental,192,475
93,For,Technology,Week,799,888
94,Matter,Furniture,Mission,961,1174
95,Information,Technology,Street,609,703
96,Behind,Furniture,Everything,930,1166
97,Hard,Technology,Model,711,1153
98,Tend,Furniture,Hard,731,960
99,Stock,Technology,Need,621,696
100,Take,Furniture,Budget,821,1044
101,Exactly,Technology,Bill,629,1036
102,Visit,Office Supplies,Someone,948,1105
103,Fine,Technology,Analysis,517,581
104,Shake,Technology,Truth,253,528
105,Condition,Furniture,Among,987,1180
106,Place,Furniture,You,221,496
107,Such,Technology,Cost,372,466
108,Memory,Furniture,Business,666,1040
109,Nearly,Technology,Direction,909,1027
110,Door,Furniture,Put,594,1011
111,Become,Office Supplies,According,667,1003
112,Until,Furniture,Practice,584,864
113,Could,Office Supplies,Foot,932,1430
114,Rather,Technology,Defense,172,321
115,Mother,Furniture,Ground,808,1020
116,Enter,Office Supplies,War,627,928
117,Wide,Furniture,With,567,759
118,Force,Furniture,Rather,475,612
119,Green,Office Supplies,Quite,598,836
120,Seem,Technology,Material,612,988
121,Yeah,Office Supplies,Start,923,1031
122,Become,Technology,Recent,308,368
123,Work,Furniture,Game,462,847
124,Social,Furniture,Space,175,383
125,Another,Technology,Parent,784,1114
126,Admit,Technology,Often,980,1215
127,He,Office Supplies,Hospital,328,477
128,Top,Technology,Wrong,972,1181
129,Anything,Furniture,If,655,714
130,Wait,Office Supplies,Hard,414,468
131,Her,Technology,Develop,561,794
132,Unit,Technology,Employee,643,1099
133,Marriage,Furniture,Bring,483,768
134,Seem,Furniture,Security,543,695
135,Democratic,Office Supplies,Direction,665,864
136,Avoid,Technology,National,758,946
137,Sea,Technology,Charge,182,626
138,One,Office Supplies,Sort,599,956
139,Occur,Office Supplies,Light,556,829
140,Old,Furniture,Bar,311,787
141,Our,Technology,Ahead,272,660
142,Wonder,Office Supplies,Or,156,377
143,Sort,Technology,Second,451,888
144,Keep,Technology,Herself,961,1169
145,Grow,Furniture,Beyond,864,1358
146,Election,Furniture,Reflect,559,752
147,Join,Technology,Dog,124,318
148,Middle,Furniture,Center,336,566
149,Manager,Technology,List,300,660
150,Describe,Office Supplies,Policy,754,1129
151,Professor,Furniture,Bad,549,1029
152,Tonight,Office Supplies,Hold,478,619
153,Thought,Technology,Tree,982,1468
154,Tend,Office Supplies,Base,190,555
155,Reveal,Furniture,Game,235,613
156,Difficult,Furniture,Perhaps,416,719
157,Guess,Furniture,Enough,790,1076
158,Range,Technology,Ball,288,498
159,Reach,Office Supplies,Wish,754,871
160,Head,Furniture,Certain,324,624
161,Fall,Office Supplies,Medical,823,1246
162,Seem,Technology,Certainly,359,682
163,Play,Furniture,Perform,802,924
164,Hard,Furniture,Game,763,946
165,New,Office Supplies,Remain,274,709
166,Action,Technology,Rule,441,883
167,Ready,Technology,Great,306,565
168,Unit,Office Supplies,Ask,405,458
169,Wrong,Furniture,Focus,117,217
170,Leave,Furniture,Can,520,820
171,Tonight,Office Supplies,Note,192,355
172,Friend,Technology,Fill,112,469
173,Month,Furniture,Religious,824,1189
174,Little,Technology,Yes,525,653
175,Sense,Technology,Fill,822,1056
176,Half,Technology,Woman,328,799
177,Her,Technology,Hope,384,541
178,Mean,Office Supplies,House,829,1060
179,Loss,Office Supplies,Fast,526,779
180,Audience,Office Supplies,Member,219,455
181,Forget,Technology,Size,163,260
182,Wrong,Furniture,How,151,346
183,Number,Furniture,Well,537,819
184,Wonder,Technology,Suffer,860,1234
185,Analysis,Furniture,Year,503,714
186,Market,Office Supplies,Wait,558,855
187,Tonight,Technology,Read,164,277
188,Several,Office Supplies,Over,891,1262
189,Open,Technology,Customer,269,367
190,Often,Furniture,Defense,586,758
191,Ground,Furniture,Study,954,1030
192,Bad,Furniture,That,194,515
193,Economy,Office Supplies,Term,530,878
194,Soon,Technology,Already,856,1117
195,Baby,Office Supplies,Vote,812,1208
196,Company,Office Supplies,Assume,191,398
197,Various,Furniture,Yeah,627,882
198,Pretty,Technology,Eye,598,1082
199,Understand,Furniture,Country,786,1067
200,Pm,Office Supplies,True,428,880
201,Some,Office Supplies,Hard,532,868
202,No,Office Supplies,Cost,772,1210
203,Work,Furniture,Fill,987,1079
204,Hope,Office Supplies,List,766,851
205,Security,Office Supplies,Cause,594,913
206,President,Technology,Story,424,483
207,Design,Furniture,Soon,542,876
208,Probably,Furniture,Certain,850,1238
209,Adult,Furniture,Position,558,787
210,Mission,Furniture,Ask,571,1021
211,Recently,Office Supplies,Man,138,191
212,Rich,Technology,Born,122,599
213,Bill,Furniture,Pick,353,786
214,Evening,Furniture,West,721,815
215,Firm,Technology,View,864,1212
216,Exist,Office Supplies,Choice,233,285
217,Us,Furniture,Put,933,1195
218,Do,Furniture,Difference,698,980
219,Away,Technology,Political,840,1152
220,Ten,Furniture,Contain,251,514
221,Moment,Furniture,Set,259,444
222,Provide,Technology,Ok,264,533
223,Keep,Furniture,Beautiful,609,699
224,Alone,Office Supplies,Draw,519,895
225,Ok,Office Supplies,Stop,625,970
226,Hard,Technology,Fact,545,770
227,Study,Technology,Student,950,1267
228,Activity,Furniture,Themselves,966,1443
229,Week,Furniture,Technology,188,336
230,Create,Technology,Whom,158,401
231,Main,Office Supplies,Station,146,521
232,Herself,Office Supplies,Stand,158,233
233,Worry,Furniture,Animal,346,702
234,Begin,Technology,Across,175,338
235,Head,Furniture,Raise,635,869
236,Consider,Technology,Shoulder,448,521
237,Picture,Furniture,Base,790,1078
238,Minute,Technology,Subject,272,332
239,Kind,Technology,Color,620,1038
240,Race,Furniture,Whose,677,1084
241,Return,Technology,Quality,799,889
242,Cup,Office Supplies,Level,220,412
243,Agency,Technology,There,506,657
244,Front,Technology,Scientist,573,944
245,People,Furniture,Body,696,868
246,Head,Technology,Mother,453,728
247,Thing,Furniture,Teach,652,1031
248,Cost,Furniture,Section,924,1045
249,Cup,Office Supplies,Follow,854,1076
250,Record,Technology,Always,506,867
251,Look,Office Supplies,Five,323,803
252,Know,Technology,South,952,1253
253,Effect,Furniture,Goal,252,509
254,Even,Office Supplies,Generation,154,363
255,Those,Office Supplies,History,442,769
256,Speak,Furniture,Study,503,764
257,Miss,Technology,Mr,614,950
258,Whose,Technology,Six,697,1064
259,Blood,Office Supplies,Speech,786,947
260,Site,Office Supplies,Bed,965,1440
261,Yourself,Technology,Result,154,290
262,Medical,Furniture,Also,513,995
263,Energy,Office Supplies,Send,260,582
264,Anything,Furniture,Throw,668,1001
265,From,Furniture,Often,808,1097
266,Boy,Furniture,Second,781,1121
267,Environment,Office Supplies,But,492,841
268,Federal,Office Supplies,Western,148,618
269,Act,Furniture,End,451,868
270,Future,Office Supplies,Deep,650,869
271,Of,Furniture,Congress,554,1037
272,Carry,Furniture,Voice,298,534
273,Ahead,Office Supplies,Cover,711,1065
274,Box,Furniture,Wrong,704,1116
275,Walk,Furniture,Bring,671,1123
276,Family,Office Supplies,Every,869,1093
277,Series,Office Supplies,Thus,160,326
278,Home,Office Supplies,Will,639,1064
279,Why,Technology,Natural,946,1382
280,Produce,Furniture,Pull,921,1249
281,Service,Technology,Give,795,936
282,Decide,Furniture,Million,448,692
283,That,Technology,Although,598,803
284,Strategy,Office Supplies,Wear,425,659
285,Name,Technology,Hold,368,827
286,East,Office Supplies,Wish,384,600
287,After,Office Supplies,Mention,748,1243
288,Tough,Office Supplies,Peace,866,1044
289,Carry,Office Supplies,Sell,993,1358
290,Help,Office Supplies,Type,755,867
291,Case,Furniture,Issue,713,1081
292,Sister,Furniture,Door,120,512
293,Order,Technology,First,371,588
294,Camera,Furniture,Range,391,808
295,Until,Technology,Either,728,1067
296,Trip,Furniture,Difficult,810,1067
297,Law,Furniture,Assume,444,616
298,Like,Office Supplies,Space,221,654
299,Dark,Technology,Bed,867,925
300,Pay,Office Supplies,Memory,862,1177
301,Different,Furniture,Billion,113,312
302,Decision,Technology,Project,662,1051
303,Experience,Office Supplies,Again,479,954
304,Take,Office Supplies,Actually,255,694
305,We,Office Supplies,While,743,1048
306,Product,Office Supplies,Speak,779,1234
307,Special,Technology,Expect,522,647
308,Table,Furniture,Mr,535,935
309,Somebody,Office Supplies,Interesting,134,524
310,Board,Office Supplies,Somebody,496,861
311,Law,Office Supplies,Treatment,988,1101
312,Owner,Furniture,Budget,589,959
313,Only,Furniture,Leg,681,1082
314,Quality,Furniture,Spring,818,1252
315,Little,Office Supplies,Whose,753,1170
316,Black,Office Supplies,Thank,408,623
317,Need,Furniture,Ahead,840,1135
318,Tough,Office Supplies,International,607,1034
319,Several,Technology,Within,513,849
320,Republican,Technology,Door,202,460
321,Baby,Furniture,American,892,1362
322,Police,Technology,Get,637,747
323,Price,Furniture,Best,906,1092
324,Watch,Furniture,Experience,324,460
325,Trip,Office Supplies,Animal,955,1030
326,Spring,Furniture,Life,146,547
327,Despite,Furniture,Turn,688,1116
328,Itself,Furniture,Door,529,601
329,Claim,Technology,Drug,258,724
330,Total,Furniture,Write,592,1029
331,Kid,Furniture,Blood,884,1159
332,Area,Technology,Clear,784,1149
333,Prepare,Office Supplies,Find,410,686
334,Floor,Technology,Factor,562,863
335,Build,Technology,Threat,231,665
336,Science,Technology,Hair,517,1007
337,Find,Technology,Laugh,307,469
338,Pm,Office Supplies,Food,702,1124
339,Nearly,Furniture,Family,310,788
340,Away,Office Supplies,Conference,791,1004
341,Understand,Technology,Approach,538,841
342,Office,Technology,Inside,697,795
343,Town,Office Supplies,Lot,311,628
344,Conference,Office Supplies,Realize,691,822
345,Threat,Technology,Chance,739,1024
346,Pattern,Office Supplies,Moment,848,930
347,City,Technology,Save,922,1005
348,Political,Office Supplies,Community,331,777
349,Realize,Office Supplies,Rather,891,969
350,Rich,Furniture,Compare,526,670
351,Conference,Furniture,Parent,955,1365
352,Among,Office Supplies,Important,474,551
353,I,Furniture,Science,355,789
354,Already,Technology,Throughout,760,1116
355,Change,Office Supplies,Range,608,862
356,Very,Furniture,Anything,819,1018
357,Realize,Office Supplies,Open,295,347
358,Decision,Technology,Everything,436,669
359,Country,Office Supplies,Strategy,824,1073
360,Leader,Office Supplies,Director,476,849
361,Development,Office Supplies,Light,160,362
362,Mr,Technology,Media,279,733
363,Laugh,Office Supplies,Give,948,1284
364,No,Technology,None,747,1011
365,Area,Technology,Lot,559,793
366,Involve,Office Supplies,From,689,903
367,Through,Furniture,Final,515,925
368,For,Furniture,Sure,981,1079
369,High,Furniture,Customer,164,415
370,Source,Technology,Certainly,511,630
371,Certain,Furniture,Whom,783,914
372,Sell,Office Supplies,Treatment,292,592
373,Newspaper,Furniture,Just,463,566
374,Sound,Furniture,Three,231,615
375,Born,Furniture,Accept,825,1316
376,Nice,Technology,Tough,215,372
377,Rather,Furniture,Similar,661,1073
378,Bar,Technology,Sure,987,1426
379,Source,Furniture,Purpose,888,1053
380,Analysis,Furniture,Significant,629,1018
381,Attack,Technology,Issue,583,719
382,Mention,Furniture,Anything,857,1341
383,Past,Furniture,Treatment,811,1034
384,Pm,Technology,Raise,446,713
385,Herself,Technology,Left,594,1028
386,Product,Technology,Painting,777,1261
387,Such,Technology,Project,243,586
388,Stop,Office Supplies,May,243,558
389,Research,Office Supplies,Conference,683,847
390,Try,Office Supplies,Must,261,321
391,Section,Office Supplies,Benefit,203,288
392,Them,Office Supplies,Book,634,1018
393,Gun,Office Supplies,Several,901,1354
394,Relationship,Technology,North,536,715
395,Until,Technology,Argue,565,891
396,Dog,Furniture,Increase,777,1051
397,Value,Office Supplies,Method,142,502
398,Next,Technology,Control,550,725
399,Compare,Furniture,Cultural,403,487
400,Pressure,Furniture,Weight,625,1041
401,Natural,Office Supplies,Art,399,729
402,Smile,Office Supplies,Score,759,892
403,Region,Furniture,Production,561,1049
404,Walk,Office Supplies,Material,142,314
405,War,Technology,Natural,309,725
406,Read,Technology,Right,931,1333
407,All,Office Supplies,Which,942,1387
408,Able,Office Supplies,Court,277,743
409,Usually,Technology,Manage,525,760
410,Speak,Furniture,Tend,576,691
411,Believe,Office Supplies,Sell,145,275
412,Authority,Office Supplies,Leader,510,782
413,Military,Technology,Old,813,913
414,Arm,Furniture,Sense,127,248
415,Mind,Technology,Sister,971,1140
416,Sit,Technology,Thank,201,412
417,Month,Office Supplies,Whatever,529,656
418,Similar,Furniture,Discuss,604,700
419,Just,Furniture,Better,690,1173
420,Determine,Furniture,Program,397,612
421,Work,Technology,First,785,1088
422,Forward,Furniture,Movement,941,1354
423,The,Technology,Mouth,810,1235
424,Collection,Furniture,Watch,463,704
425,Garden,Technology,Time,900,1171
426,Institution,Furniture,Something,949,1006
427,When,Technology,Will,126,227
428,Democratic,Furniture,Discussion,199,368
429,Consider,Office Supplies,And,227,442
430,Buy,Furniture,Knowledge,336,798
431,Traditional,Office Supplies,Position,654,1088
432,Factor,Technology,Necessary,444,658
433,Growth,Technology,Relationship,917,1365
434,Least,Office Supplies,Reveal,646,913
435,Party,Furniture,Maybe,173,599
436,Happy,Technology,Guy,579,984
437,Impact,Office Supplies,Rest,243,450
438,What,Office Supplies,Pick,126,203
439,Cell,Furniture,Place,919,1167
440,Relationship,Technology,Situation,453,886
441,Keep,Office Supplies,Fine,634,912
442,Condition,Technology,Network,470,836
443,Behind,Furniture,Worker,945,1375
444,Day,Office Supplies,See,601,920
445,Building,Office Supplies,Prove,875,1298
446,Republican,Furniture,Skin,151,568
447,Concern,Furniture,Car,667,1138
448,Order,Furniture,Hard,255,361
449,Organization,Technology,Much,290,597
450,Whether,Office Supplies,Let,470,542
451,Mouth,Office Supplies,Less,853,1310
452,Political,Technology,Radio,942,1315
453,Camera,Technology,Seven,985,1076
454,She,Technology,Short,662,1117
455,Show,Technology,Cell,876,972
456,Provide,Furniture,Again,270,614
457,Also,Furniture,Statement,383,617
458,Data,Technology,Religious,993,1220
459,Free,Office Supplies,Use,104,247
460,Along,Office Supplies,Myself,374,513
461,At,Technology,Pattern,894,1006
462,Shake,Technology,Beat,249,453
463,Myself,Technology,Year,192,282
464,Democratic,Furniture,Budget,488,913
465,News,Office Supplies,Structure,916,1062
466,Firm,Office Supplies,Production,846,1085
467,Agreement,Office Supplies,Rise,635,724
468,Energy,Office Supplies,Wear,695,877
469,Difference,Office Supplies,Food,127,597
470,Trouble,Technology,Reality,109,190
471,Magazine,Furniture,Account,306,611
472,Four,Technology,Free,285,686
473,Chance,Furniture,Account,971,1202
474,I,Furniture,Himself,522,991
475,Skill,Office Supplies,Still,244,359
476,Institution,Office Supplies,Behind,169,585
477,Foot,Furniture,Trial,302,417
478,Sea,Technology,Benefit,240,455
479,Memory,Technology,Cold,424,664
480,Specific,Office Supplies,Dinner,467,897
481,Hear,Furniture,Foot,706,937
482,Kid,Technology,Food,233,571
483,Your,Technology,Bar,143,496
484,Team,Technology,Administration,533,849
485,Amount,Furniture,Person,838,985
486,Heavy,Office Supplies,Rock,335,515
487,Kitchen,Office Supplies,Animal,543,681
488,Opportunity,Office Supplies,Music,257,562
489,Peace,Technology,Answer,978,1392
490,Campaign,Office Supplies,Term,741,1028
491,Around,Technology,Police,671,761
492,Provide,Furniture,Political,432,599
493,Personal,Furniture,Compare,234,710
494,List,Furniture,Somebody,965,1409
495,Now,Technology,Democrat,749,967
496,From,Technology,Story,475,878
497,Total,Office Supplies,Two,133,230
498,Seven,Office Supplies,Step,373,846
499,Report,Technology,That,541,633
500,Western,Furniture,East,520,834
